1	1	0	0	0	0	0	0	0	0	0	0	0	0	0	0	0	0	0	0	0
2	0	0	0	0	0	0	0	0	0	0	0	0	0	0	0	0	0	0	0	0
3	1	0	0	0	0	0	0	0	0	0	0	0	0	0	0	0	0	0	0	0
4	4	0	0	0	0	0	0	0	0	0	0	0	0	0	0	0	0	0	0	0
5	0	0	0	0	0	0	0	0	0	0	0	0	0	0	0	0	0	0	0	0
6	0	0	0	0	0	0	0	0	0	0	0	0	0	0	0	0	0	0	0	0
7	7	0	0	0	0	0	0	0	0	0	0	0	0	0	0	0	0	0	0	0
8	3	0	0	0	0	0	0	0	0	0	0	0	0	0	0	0	0	0	0	0
9	5	0	0	0	0	0	0	0	0	0	0	0	0	0	0	0	0	0	0	0
10	3	0	0	0	0	0	0	0	0	0	0	0	0	0	0	0	0	0	0	0
11	8	0	0	0	0	0	0	0	0	0	0	0	0	0	0	0	0	0	0	0
12	9	0	0	0	0	0	0	0	0	0	0	0	0	0	0	0	0	0	0	0
13	1	0	0	0	0	0	0	0	0	0	0	0	0	0	0	0	0	0	0	0
14	3	0	0	0	0	0	0	0	0	0	0	0	0	0	0	0	0	0	0	0
15	3	0	0	0	0	0	0	0	0	0	0	0	0	0	0	0	0	0	0	0
16	1	0	0	0	0	0	0	0	0	0	0	0	0	0	0	0	0	0	0	0
17	2	0	0	0	0	0	0	0	0	0	0	0	0	0	0	0	0	0	0	0
18	0	0	0	0	0	0	0	0	0	0	0	0	0	0	0	0	0	0	0	0
19	7	0	0	0	0	0	0	0	0	0	0	0	0	0	0	0	0	0	0	0
20	5	0	0	0	0	0	0	0	0	0	0	0	0	0	0	0	0	0	0	0
21	8	0	0	0	0	0	0	0	0	0	0	0	0	0	0	0	0	0	0	0
22	6	0	0	0	0	0	0	0	0	0	0	0	0	0	0	0	0	0	0	0
23	2	0	0	0	0	0	0	0	0	0	0	0	0	0	0	0	0	0	0	0
24	0	0	0	0	0	0	0	0	0	0	0	0	0	0	0	0	0	0	0	0
25	2	0	0	0	0	0	0	0	0	0	0	0	0	0	0	0	0	0	0	0
26	3	0	0	0	0	0	0	0	0	0	0	0	0	0	0	0	0	0	0	0
27	6	0	0	0	0	0	0	0	0	0	0	0	0	0	0	0	0	0	0	0
28	9	0	0	0	0	0	0	0	0	0	0	0	0	0	0	0	0	0	0	0
29	9	0	0	0	0	0	0	0	0	0	0	0	0	0	0	0	0	0	0	0
30	7	0	0	0	0	0	0	0	0	0	0	0	0	0	0	0	0	0	0	0
31	8	0	0	0	0	0	0	0	0	0	0	0	0	0	0	0	0	0	0	0
32	9	0	0	0	0	0	0	0	0	0	0	0	0	0	0	0	0	0	0	0
33	4	0	0	0	0	0	0	0	0	0	0	0	0	0	0	0	0	0	0	0
34	9	0	0	0	0	0	0	0	0	0	0	0	0	0	0	0	0	0	0	0
35	2	0	0	0	0	0	0	0	0	0	0	0	0	0	0	0	0	0	0	0
36	1	0	0	0	0	0	0	0	0	0	0	0	0	0	0	0	0	0	0	0
37	3	0	0	0	0	0	0	0	0	0	0	0	0	0	0	0	0	0	0	0
38	1	0	0	0	0	0	0	0	0	0	0	0	0	0	0	0	0	0	0	0
39	1	0	0	0	0	0	0	0	0	0	0	0	0	0	0	0	0	0	0	0
40	4	0	0	0	0	0	0	0	0	0	0	0	0	0	0	0	0	0	0	0
41	9	0	0	0	0	0	0	0	0	0	0	0	0	0	0	0	0	0	0	0
42	1	0	0	0	0	0	0	0	0	0	0	0	0	0	0	0	0	0	0	0
43	4	0	0	0	0	0	0	0	0	0	0	0	0	0	0	0	0	0	0	0
44	4	0	0	0	0	0	0	0	0	0	0	0	0	0	0	0	0	0	0	0
45	2	0	0	0	0	0	0	0	0	0	0	0	0	0	0	0	0	0	0	0
46	6	0	0	0	0	0	0	0	0	0	0	0	0	0	0	0	0	0	0	0
47	3	0	0	0	0	0	0	0	0	0	0	0	0	0	0	0	0	0	0	0
48	7	0	0	0	0	0	0	0	0	0	0	0	0	0	0	0	0	0	0	0
49	7	0	0	0	0	0	0	0	0	0	0	0	0	0	0	0	0	0	0	0
50	4	0	0	0	0	0	0	0	0	0	0	0	0	0	0	0	0	0	0	0
51	7	0	0	0	0	0	0	0	0	0	0	0	0	0	0	0	0	0	0	0
52	5	0	0	0	0	0	0	0	0	0	0	0	0	0	0	0	0	0	0	0
53	1	0	0	0	0	0	0	0	0	0	0	0	0	0	0	0	0	0	0	0
54	9	0	0	0	0	0	0	0	0	0	0	0	0	0	0	0	0	0	0	0
55	0	0	0	0	0	0	0	0	0	0	0	0	0	0	0	0	0	0	0	0
56	2	0	0	0	0	0	0	0	0	0	0	0	0	0	0	0	0	0	0	0
57	2	0	0	0	0	0	0	0	0	0	0	0	0	0	0	0	0	0	0	0
58	3	0	0	0	0	0	0	0	0	0	0	0	0	0	0	0	0	0	0	0
59	9	0	0	0	0	0	0	0	0	0	0	0	0	0	0	0	0	0	0	0
60	1	0	0	0	0	0	0	0	0	0	0	0	0	0	0	0	0	0	0	0
61	1	0	0	0	0	0	0	0	0	0	0	0	0	0	0	0	0	0	0	0
62	1	0	0	0	0	0	0	0	0	0	0	0	0	0	0	0	0	0	0	0
63	5	0	0	0	0	0	0	0	0	0	0	0	0	0	0	0	0	0	0	0
64	0	0	0	0	0	0	0	0	0	0	0	0	0	0	0	0	0	0	0	0
65	6	0	0	0	0	0	0	0	0	0	0	0	0	0	0	0	0	0	0	0
66	3	0	0	0	0	0	0	0	0	0	0	0	0	0	0	0	0	0	0	0
67	4	0	0	0	0	0	0	0	0	0	0	0	0	0	0	0	0	0	0	0
68	8	0	0	0	0	0	0	0	0	0	0	0	0	0	0	0	0	0	0	0
69	1	0	0	0	0	0	0	0	0	0	0	0	0	0	0	0	0	0	0	0
70	0	0	0	0	0	0	0	0	0	0	0	0	0	0	0	0	0	0	0	0
71	3	0	0	0	0	0	0	0	0	0	0	0	0	0	0	0	0	0	0	0
72	9	0	0	0	0	0	0	0	0	0	0	0	0	0	0	0	0	0	0	0
73	6	0	0	0	0	0	0	0	0	0	0	0	0	0	0	0	0	0	0	0
74	2	0	0	0	0	0	0	0	0	0	0	0	0	0	0	0	0	0	0	0
75	6	0	0	0	0	0	0	0	0	0	0	0	0	0	0	0	0	0	0	0
76	4	0	0	0	0	0	0	0	0	0	0	0	0	0	0	0	0	0	0	0
77	7	0	0	0	0	0	0	0	0	0	0	0	0	0	0	0	0	0	0	0
78	1	0	0	0	0	0	0	0	0	0	0	0	0	0	0	0	0	0	0	0
79	4	0	0	0	0	0	0	0	0	0	0	0	0	0	0	0	0	0	0	0
80	1	0	0	0	0	0	0	0	0	0	0	0	0	0	0	0	0	0	0	0
81	5	0	0	0	0	0	0	0	0	0	0	0	0	0	0	0	0	0	0	0
82	4	0	0	0	0	0	0	0	0	0	0	0	0	0	0	0	0	0	0	0
83	8	0	0	0	0	0	0	0	0	0	0	0	0	0	0	0	0	0	0	0
84	9	0	0	0	0	0	0	0	0	0	0	0	0	0	0	0	0	0	0	0
85	2	0	0	0	0	0	0	0	0	0	0	0	0	0	0	0	0	0	0	0
86	9	0	0	0	0	0	0	0	0	0	0	0	0	0	0	0	0	0	0	0
87	9	0	0	0	0	0	0	0	0	0	0	0	0	0	0	0	0	0	0	0
88	8	0	0	0	0	0	0	0	0	0	0	0	0	0	0	0	0	0	0	0
89	9	0	0	0	0	0	0	0	0	0	0	0	0	0	0	0	0	0	0	0
90	6	0	0	0	0	0	0	0	0	0	0	0	0	0	0	0	0	0	0	0
91	3	0	0	0	0	0	0	0	0	0	0	0	0	0	0	0	0	0	0	0
92	6	0	0	0	0	0	0	0	0	0	0	0	0	0	0	0	0	0	0	0
93	4	0	0	0	0	0	0	0	0	0	0	0	0	0	0	0	0	0	0	0
94	6	0	0	0	0	0	0	0	0	0	0	0	0	0	0	0	0	0	0	0
95	2	0	0	0	0	0	0	0	0	0	0	0	0	0	0	0	0	0	0	0
96	9	0	0	0	0	0	0	0	0	0	0	0	0	0	0	0	0	0	0	0
97	1	0	0	0	0	0	0	0	0	0	0	0	0	0	0	0	0	0	0	0
98	2	0	0	0	0	0	0	0	0	0	0	0	0	0	0	0	0	0	0	0
99	0	0	0	0	0	0	0	0	0	0	0	0	0	0	0	0	0	0	0	0
100	5	0	0	0	0	0	0	0	0	0	0	0	0	0	0	0	0	0	0	0
101	9	0	0	0	0	0	0	0	0	0	0	0	0	0	0	0	0	0	0	0
102	2	0	0	0	0	0	0	0	0	0	0	0	0	0	0	0	0	0	0	0
103	7	0	0	0	0	0	0	0	0	0	0	0	0	0	0	0	0	0	0	0
104	7	0	0	0	0	0	0	0	0	0	0	0	0	0	0	0	0	0	0	0
105	2	0	0	0	0	0	0	0	0	0	0	0	0	0	0	0	0	0	0	0
106	8	0	0	0	0	0	0	0	0	0	0	0	0	0	0	0	0	0	0	0
107	8	0	0	0	0	0	0	0	0	0	0	0	0	0	0	0	0	0	0	0
108	5	0	0	0	0	0	0	0	0	0	0	0	0	0	0	0	0	0	0	0
109	0	0	0	0	0	0	0	0	0	0	0	0	0	0	0	0	0	0	0	0
110	6	0	0	0	0	0	0	0	0	0	0	0	0	0	0	0	0	0	0	0
111	0	0	0	0	0	0	0	0	0	0	0	0	0	0	0	0	0	0	0	0
112	0	0	0	0	0	0	0	0	0	0	0	0	0	0	0	0	0	0	0	0
113	2	0	0	0	0	0	0	0	0	0	0	0	0	0	0	0	0	0	0	0
114	9	0	0	0	0	0	0	0	0	0	0	0	0	0	0	0	0	0	0	0
115	0	0	0	0	0	0	0	0	0	0	0	0	0	0	0	0	0	0	0	0
116	4	0	0	0	0	0	0	0	0	0	0	0	0	0	0	0	0	0	0	0
117	7	0	0	0	0	0	0	0	0	0	0	0	0	0	0	0	0	0	0	0
118	7	0	0	0	0	0	0	0	0	0	0	0	0	0	0	0	0	0	0	0
119	1	0	0	0	0	0	0	0	0	0	0	0	0	0	0	0	0	0	0	0
120	5	0	0	0	0	0	0	0	0	0	0	0	0	0	0	0	0	0	0	0
121	7	0	0	0	0	0	0	0	0	0	0	0	0	0	0	0	0	0	0	0
122	9	0	0	0	0	0	0	0	0	0	0	0	0	0	0	0	0	0	0	0
123	4	0	0	0	0	0	0	0	0	0	0	0	0	0	0	0	0	0	0	0
124	6	0	0	0	0	0	0	0	0	0	0	0	0	0	0	0	0	0	0	0
125	1	0	0	0	0	0	0	0	0	0	0	0	0	0	0	0	0	0	0	0
126	5	0	0	0	0	0	0	0	0	0	0	0	0	0	0	0	0	0	0	0
127	7	0	0	0	0	0	0	0	0	0	0	0	0	0	0	0	0	0	0	0
128	6	0	0	0	0	0	0	0	0	0	0	0	0	0	0	0	0	0	0	0
129	5	0	0	0	0	0	0	0	0	0	0	0	0	0	0	0	0	0	0	0
130	0	0	0	0	0	0	0	0	0	0	0	0	0	0	0	0	0	0	0	0
131	4	0	0	0	0	0	0	0	0	0	0	0	0	0	0	0	0	0	0	0
132	8	0	0	0	0	0	0	0	0	0	0	0	0	0	0	0	0	0	0	0
133	7	0	0	0	0	0	0	0	0	0	0	0	0	0	0	0	0	0	0	0
134	6	0	0	0	0	0	0	0	0	0	0	0	0	0	0	0	0	0	0	0
135	1	0	0	0	0	0	0	0	0	0	0	0	0	0	0	0	0	0	0	0
136	8	0	0	0	0	0	0	0	0	0	0	0	0	0	0	0	0	0	0	0
137	7	0	0	0	0	0	0	0	0	0	0	0	0	0	0	0	0	0	0	0
138	3	0	0	0	0	0	0	0	0	0	0	0	0	0	0	0	0	0	0	0
139	7	0	0	0	0	0	0	0	0	0	0	0	0	0	0	0	0	0	0	0
140	3	0	0	0	0	0	0	0	0	0	0	0	0	0	0	0	0	0	0	0
141	1	0	0	0	0	0	0	0	0	0	0	0	0	0	0	0	0	0	0	0
142	0	0	0	0	0	0	0	0	0	0	0	0	0	0	0	0	0	0	0	0
143	3	0	0	0	0	0	0	0	0	0	0	0	0	0	0	0	0	0	0	0
144	4	0	0	0	0	0	0	0	0	0	0	0	0	0	0	0	0	0	0	0
145	5	0	0	0	0	0	0	0	0	0	0	0	0	0	0	0	0	0	0	0
146	4	0	0	0	0	0	0	0	0	0	0	0	0	0	0	0	0	0	0	0
147	0	0	0	0	0	0	0	0	0	0	0	0	0	0	0	0	0	0	0	0
148	5	0	0	0	0	0	0	0	0	0	0	0	0	0	0	0	0	0	0	0
149	4	0	0	0	0	0	0	0	0	0	0	0	0	0	0	0	0	0	0	0
150	0	0	0	0	0	0	0	0	0	0	0	0	0	0	0	0	0	0	0	0
151	3	0	0	0	0	0	0	0	0	0	0	0	0	0	0	0	0	0	0	0
152	5	0	0	0	0	0	0	0	0	0	0	0	0	0	0	0	0	0	0	0
153	1	0	0	0	0	0	0	0	0	0	0	0	0	0	0	0	0	0	0	0
154	0	0	0	0	0	0	0	0	0	0	0	0	0	0	0	0	0	0	0	0
155	8	0	0	0	0	0	0	0	0	0	0	0	0	0	0	0	0	0	0	0
156	3	0	0	0	0	0	0	0	0	0	0	0	0	0	0	0	0	0	0	0
157	7	0	0	0	0	0	0	0	0	0	0	0	0	0	0	0	0	0	0	0
158	0	0	0	0	0	0	0	0	0	0	0	0	0	0	0	0	0	0	0	0
159	9	0	0	0	0	0	0	0	0	0	0	0	0	0	0	0	0	0	0	0
160	6	0	0	0	0	0	0	0	0	0	0	0	0	0	0	0	0	0	0	0
161	6	0	0	0	0	0	0	0	0	0	0	0	0	0	0	0	0	0	0	0
162	9	0	0	0	0	0	0	0	0	0	0	0	0	0	0	0	0	0	0	0
163	5	0	0	0	0	0	0	0	0	0	0	0	0	0	0	0	0	0	0	0
164	4	0	0	0	0	0	0	0	0	0	0	0	0	0	0	0	0	0	0	0
165	6	0	0	0	0	0	0	0	0	0	0	0	0	0	0	0	0	0	0	0
166	9	0	0	0	0	0	0	0	0	0	0	0	0	0	0	0	0	0	0	0
167	3	0	0	0	0	0	0	0	0	0	0	0	0	0	0	0	0	0	0	0
168	5	0	0	0	0	0	0	0	0	0	0	0	0	0	0	0	0	0	0	0
169	4	0	0	0	0	0	0	0	0	0	0	0	0	0	0	0	0	0	0	0
170	2	0	0	0	0	0	0	0	0	0	0	0	0	0	0	0	0	0	0	0
171	4	0	0	0	0	0	0	0	0	0	0	0	0	0	0	0	0	0	0	0
172	8	0	0	0	0	0	0	0	0	0	0	0	0	0	0	0	0	0	0	0
173	7	0	0	0	0	0	0	0	0	0	0	0	0	0	0	0	0	0	0	0
174	7	0	0	0	0	0	0	0	0	0	0	0	0	0	0	0	0	0	0	0
175	5	0	0	0	0	0	0	0	0	0	0	0	0	0	0	0	0	0	0	0
176	8	0	0	0	0	0	0	0	0	0	0	0	0	0	0	0	0	0	0	0
177	8	0	0	0	0	0	0	0	0	0	0	0	0	0	0	0	0	0	0	0
178	8	0	0	0	0	0	0	0	0	0	0	0	0	0	0	0	0	0	0	0
179	2	0	0	0	0	0	0	0	0	0	0	0	0	0	0	0	0	0	0	0
180	6	0	0	0	0	0	0	0	0	0	0	0	0	0	0	0	0	0	0	0
181	9	0	0	0	0	0	0	0	0	0	0	0	0	0	0	0	0	0	0	0
182	3	0	0	0	0	0	0	0	0	0	0	0	0	0	0	0	0	0	0	0
183	1	0	0	0	0	0	0	0	0	0	0	0	0	0	0	0	0	0	0	0
184	0	0	0	0	0	0	0	0	0	0	0	0	0	0	0	0	0	0	0	0
185	4	0	0	0	0	0	0	0	0	0	0	0	0	0	0	0	0	0	0	0
186	1	0	0	0	0	0	0	0	0	0	0	0	0	0	0	0	0	0	0	0
187	5	0	0	0	0	0	0	0	0	0	0	0	0	0	0	0	0	0	0	0
188	9	0	0	0	0	0	0	0	0	0	0	0	0	0	0	0	0	0	0	0
189	0	0	0	0	0	0	0	0	0	0	0	0	0	0	0	0	0	0	0	0
190	6	0	0	0	0	0	0	0	0	0	0	0	0	0	0	0	0	0	0	0
191	2	0	0	0	0	0	0	0	0	0	0	0	0	0	0	0	0	0	0	0
192	1	0	0	0	0	0	0	0	0	0	0	0	0	0	0	0	0	0	0	0
193	3	0	0	0	0	0	0	0	0	0	0	0	0	0	0	0	0	0	0	0
194	0	0	0	0	0	0	0	0	0	0	0	0	0	0	0	0	0	0	0	0
195	6	0	0	0	0	0	0	0	0	0	0	0	0	0	0	0	0	0	0	0
196	0	0	0	0	0	0	0	0	0	0	0	0	0	0	0	0	0	0	0	0
197	0	0	0	0	0	0	0	0	0	0	0	0	0	0	0	0	0	0	0	0
198	8	0	0	0	0	0	0	0	0	0	0	0	0	0	0	0	0	0	0	0
199	3	0	0	0	0	0	0	0	0	0	0	0	0	0	0	0	0	0	0	0
200	2	0	0	0	0	0	0	0	0	0	0	0	0	0	0	0	0	0	0	0
201	0	0	0	0	0	0	0	0	0	0	0	0	0	0	0	0	0	0	0	0
202	0	0	0	0	0	0	0	0	0	0	0	0	0	0	0	0	0	0	0	0
203	6	0	0	0	0	0	0	0	0	0	0	0	0	0	0	0	0	0	0	0
204	0	0	0	0	0	0	0	0	0	0	0	0	0	0	0	0	0	0	0	0
205	0	0	0	0	0	0	0	0	0	0	0	0	0	0	0	0	0	0	0	0
206	4	0	0	0	0	0	0	0	0	0	0	0	0	0	0	0	0	0	0	0
207	7	0	0	0	0	0	0	0	0	0	0	0	0	0	0	0	0	0	0	0
208	2	0	0	0	0	0	0	0	0	0	0	0	0	0	0	0	0	0	0	0
209	7	0	0	0	0	0	0	0	0	0	0	0	0	0	0	0	0	0	0	0
210	1	0	0	0	0	0	0	0	0	0	0	0	0	0	0	0	0	0	0	0
211	9	0	0	0	0	0	0	0	0	0	0	0	0	0	0	0	0	0	0	0
212	9	0	0	0	0	0	0	0	0	0	0	0	0	0	0	0	0	0	0	0
213	3	0	0	0	0	0	0	0	0	0	0	0	0	0	0	0	0	0	0	0
214	9	0	0	0	0	0	0	0	0	0	0	0	0	0	0	0	0	0	0	0
215	8	0	0	0	0	0	0	0	0	0	0	0	0	0	0	0	0	0	0	0
216	4	0	0	0	0	0	0	0	0	0	0	0	0	0	0	0	0	0	0	0
217	6	0	0	0	0	0	0	0	0	0	0	0	0	0	0	0	0	0	0	0
218	6	0	0	0	0	0	0	0	0	0	0	0	0	0	0	0	0	0	0	0
219	5	0	0	0	0	0	0	0	0	0	0	0	0	0	0	0	0	0	0	0
220	3	0	0	0	0	0	0	0	0	0	0	0	0	0	0	0	0	0	0	0
221	8	0	0	0	0	0	0	0	0	0	0	0	0	0	0	0	0	0	0	0
222	1	0	0	0	0	0	0	0	0	0	0	0	0	0	0	0	0	0	0	0
223	8	0	0	0	0	0	0	0	0	0	0	0	0	0	0	0	0	0	0	0
224	7	0	0	0	0	0	0	0	0	0	0	0	0	0	0	0	0	0	0	0
225	1	0	0	0	0	0	0	0	0	0	0	0	0	0	0	0	0	0	0	0
226	3	0	0	0	0	0	0	0	0	0	0	0	0	0	0	0	0	0	0	0
227	7	0	0	0	0	0	0	0	0	0	0	0	0	0	0	0	0	0	0	0
228	6	0	0	0	0	0	0	0	0	0	0	0	0	0	0	0	0	0	0	0
229	3	0	0	0	0	0	0	0	0	0	0	0	0	0	0	0	0	0	0	0
230	6	0	0	0	0	0	0	0	0	0	0	0	0	0	0	0	0	0	0	0
231	3	0	0	0	0	0	0	0	0	0	0	0	0	0	0	0	0	0	0	0
232	6	0	0	0	0	0	0	0	0	0	0	0	0	0	0	0	0	0	0	0
233	3	0	0	0	0	0	0	0	0	0	0	0	0	0	0	0	0	0	0	0
234	2	0	0	0	0	0	0	0	0	0	0	0	0	0	0	0	0	0	0	0
235	3	0	0	0	0	0	0	0	0	0	0	0	0	0	0	0	0	0	0	0
236	2	0	0	0	0	0	0	0	0	0	0	0	0	0	0	0	0	0	0	0
237	2	0	0	0	0	0	0	0	0	0	0	0	0	0	0	0	0	0	0	0
238	7	0	0	0	0	0	0	0	0	0	0	0	0	0	0	0	0	0	0	0
239	9	0	0	0	0	0	0	0	0	0	0	0	0	0	0	0	0	0	0	0
240	2	0	0	0	0	0	0	0	0	0	0	0	0	0	0	0	0	0	0	0
241	3	0	0	0	0	0	0	0	0	0	0	0	0	0	0	0	0	0	0	0
242	2	0	0	0	0	0	0	0	0	0	0	0	0	0	0	0	0	0	0	0
243	7	0	0	0	0	0	0	0	0	0	0	0	0	0	0	0	0	0	0	0
244	5	0	0	0	0	0	0	0	0	0	0	0	0	0	0	0	0	0	0	0
245	5	0	0	0	0	0	0	0	0	0	0	0	0	0	0	0	0	0	0	0
246	8	0	0	0	0	0	0	0	0	0	0	0	0	0	0	0	0	0	0	0
247	8	0	0	0	0	0	0	0	0	0	0	0	0	0	0	0	0	0	0	0
248	2	0	0	0	0	0	0	0	0	0	0	0	0	0	0	0	0	0	0	0
249	0	0	0	0	0	0	0	0	0	0	0	0	0	0	0	0	0	0	0	0
250	1	0	0	0	0	0	0	0	0	0	0	0	0	0	0	0	0	0	0	0
251	4	0	0	0	0	0	0	0	0	0	0	0	0	0	0	0	0	0	0	0
252	0	0	0	0	0	0	0	0	0	0	0	0	0	0	0	0	0	0	0	0
253	6	0	0	0	0	0	0	0	0	0	0	0	0	0	0	0	0	0	0	0
254	3	0	0	0	0	0	0	0	0	0	0	0	0	0	0	0	0	0	0	0
255	7	0	0	0	0	0	0	0	0	0	0	0	0	0	0	0	0	0	0	0
256	1	0	0	0	0	0	0	0	0	0	0	0	0	0	0	0	0	0	0	0
257	1	0	0	0	0	0	0	0	0	0	0	0	0	0	0	0	0	0	0	0
258	1	0	0	0	0	0	0	0	0	0	0	0	0	0	0	0	0	0	0	0
259	4	0	0	0	0	0	0	0	0	0	0	0	0	0	0	0	0	0	0	0
260	7	0	0	0	0	0	0	0	0	0	0	0	0	0	0	0	0	0	0	0
261	0	0	0	0	0	0	0	0	0	0	0	0	0	0	0	0	0	0	0	0
262	2	0	0	0	0	0	0	0	0	0	0	0	0	0	0	0	0	0	0	0
263	9	0	0	0	0	0	0	0	0	0	0	0	0	0	0	0	0	0	0	0
264	2	0	0	0	0	0	0	0	0	0	0	0	0	0	0	0	0	0	0	0
265	0	0	0	0	0	0	0	0	0	0	0	0	0	0	0	0	0	0	0	0
266	5	0	0	0	0	0	0	0	0	0	0	0	0	0	0	0	0	0	0	0
267	6	0	0	0	0	0	0	0	0	0	0	0	0	0	0	0	0	0	0	0
268	0	0	0	0	0	0	0	0	0	0	0	0	0	0	0	0	0	0	0	0
269	8	0	0	0	0	0	0	0	0	0	0	0	0	0	0	0	0	0	0	0
270	9	0	0	0	0	0	0	0	0	0	0	0	0	0	0	0	0	0	0	0
271	6	0	0	0	0	0	0	0	0	0	0	0	0	0	0	0	0	0	0	0
272	2	0	0	0	0	0	0	0	0	0	0	0	0	0	0	0	0	0	0	0
273	0	0	0	0	0	0	0	0	0	0	0	0	0	0	0	0	0	0	0	0
274	0	0	0	0	0	0	0	0	0	0	0	0	0	0	0	0	0	0	0	0
275	7	0	0	0	0	0	0	0	0	0	0	0	0	0	0	0	0	0	0	0
276	2	0	0	0	0	0	0	0	0	0	0	0	0	0	0	0	0	0	0	0
277	0	0	0	0	0	0	0	0	0	0	0	0	0	0	0	0	0	0	0	0
278	4	0	0	0	0	0	0	0	0	0	0	0	0	0	0	0	0	0	0	0
279	2	0	0	0	0	0	0	0	0	0	0	0	0	0	0	0	0	0	0	0
280	0	0	0	0	0	0	0	0	0	0	0	0	0	0	0	0	0	0	0	0
281	9	0	0	0	0	0	0	0	0	0	0	0	0	0	0	0	0	0	0	0
282	1	0	0	0	0	0	0	0	0	0	0	0	0	0	0	0	0	0	0	0
283	6	0	0	0	0	0	0	0	0	0	0	0	0	0	0	0	0	0	0	0
284	9	0	0	0	0	0	0	0	0	0	0	0	0	0	0	0	0	0	0	0
285	3	0	0	0	0	0	0	0	0	0	0	0	0	0	0	0	0	0	0	0
286	0	0	0	0	0	0	0	0	0	0	0	0	0	0	0	0	0	0	0	0
287	0	0	0	0	0	0	0	0	0	0	0	0	0	0	0	0	0	0	0	0
288	2	0	0	0	0	0	0	0	0	0	0	0	0	0	0	0	0	0	0	0
289	0	0	0	0	0	0	0	0	0	0	0	0	0	0	0	0	0	0	0	0
290	6	0	0	0	0	0	0	0	0	0	0	0	0	0	0	0	0	0	0	0
291	8	0	0	0	0	0	0	0	0	0	0	0	0	0	0	0	0	0	0	0
292	4	0	0	0	0	0	0	0	0	0	0	0	0	0	0	0	0	0	0	0
293	0	0	0	0	0	0	0	0	0	0	0	0	0	0	0	0	0	0	0	0
294	7	0	0	0	0	0	0	0	0	0	0	0	0	0	0	0	0	0	0	0
295	2	0	0	0	0	0	0	0	0	0	0	0	0	0	0	0	0	0	0	0
296	1	0	0	0	0	0	0	0	0	0	0	0	0	0	0	0	0	0	0	0
297	9	0	0	0	0	0	0	0	0	0	0	0	0	0	0	0	0	0	0	0
298	5	0	0	0	0	0	0	0	0	0	0	0	0	0	0	0	0	0	0	0
299	2	0	0	0	0	0	0	0	0	0	0	0	0	0	0	0	0	0	0	0
300	4	0	0	0	0	0	0	0	0	0	0	0	0	0	0	0	0	0	0	0
301	8	0	0	0	0	0	0	0	0	0	0	0	0	0	0	0	0	0	0	0
302	5	0	0	0	0	0	0	0	0	0	0	0	0	0	0	0	0	0	0	0
303	2	0	0	0	0	0	0	0	0	0	0	0	0	0	0	0	0	0	0	0
304	9	0	0	0	0	0	0	0	0	0	0	0	0	0	0	0	0	0	0	0
305	7	0	0	0	0	0	0	0	0	0	0	0	0	0	0	0	0	0	0	0
306	9	0	0	0	0	0	0	0	0	0	0	0	0	0	0	0	0	0	0	0
307	2	0	0	0	0	0	0	0	0	0	0	0	0	0	0	0	0	0	0	0
308	9	0	0	0	0	0	0	0	0	0	0	0	0	0	0	0	0	0	0	0
309	7	0	0	0	0	0	0	0	0	0	0	0	0	0	0	0	0	0	0	0
310	4	0	0	0	0	0	0	0	0	0	0	0	0	0	0	0	0	0	0	0
311	9	0	0	0	0	0	0	0	0	0	0	0	0	0	0	0	0	0	0	0
312	3	0	0	0	0	0	0	0	0	0	0	0	0	0	0	0	0	0	0	0
313	2	0	0	0	0	0	0	0	0	0	0	0	0	0	0	0	0	0	0	0
314	7	0	0	0	0	0	0	0	0	0	0	0	0	0	0	0	0	0	0	0
315	3	0	0	0	0	0	0	0	0	0	0	0	0	0	0	0	0	0	0	0
316	6	0	0	0	0	0	0	0	0	0	0	0	0	0	0	0	0	0	0	0
317	3	0	0	0	0	0	0	0	0	0	0	0	0	0	0	0	0	0	0	0
318	6	0	0	0	0	0	0	0	0	0	0	0	0	0	0	0	0	0	0	0
319	8	0	0	0	0	0	0	0	0	0	0	0	0	0	0	0	0	0	0	0
320	8	0	0	0	0	0	0	0	0	0	0	0	0	0	0	0	0	0	0	0
321	3	0	0	0	0	0	0	0	0	0	0	0	0	0	0	0	0	0	0	0
322	7	0	0	0	0	0	0	0	0	0	0	0	0	0	0	0	0	0	0	0
323	0	0	0	0	0	0	0	0	0	0	0	0	0	0	0	0	0	0	0	0
324	9	0	0	0	0	0	0	0	0	0	0	0	0	0	0	0	0	0	0	0
325	2	0	0	0	0	0	0	0	0	0	0	0	0	0	0	0	0	0	0	0
326	7	0	0	0	0	0	0	0	0	0	0	0	0	0	0	0	0	0	0	0
327	9	0	0	0	0	0	0	0	0	0	0	0	0	0	0	0	0	0	0	0
328	0	0	0	0	0	0	0	0	0	0	0	0	0	0	0	0	0	0	0	0
329	5	0	0	0	0	0	0	0	0	0	0	0	0	0	0	0	0	0	0	0
330	4	0	0	0	0	0	0	0	0	0	0	0	0	0	0	0	0	0	0	0
331	5	0	0	0	0	0	0	0	0	0	0	0	0	0	0	0	0	0	0	0
332	8	0	0	0	0	0	0	0	0	0	0	0	0	0	0	0	0	0	0	0
333	4	0	0	0	0	0	0	0	0	0	0	0	0	0	0	0	0	0	0	0
334	3	0	0	0	0	0	0	0	0	0	0	0	0	0	0	0	0	0	0	0
335	3	0	0	0	0	0	0	0	0	0	0	0	0	0	0	0	0	0	0	0
336	1	0	0	0	0	0	0	0	0	0	0	0	0	0	0	0	0	0	0	0
337	7	0	0	0	0	0	0	0	0	0	0	0	0	0	0	0	0	0	0	0
338	8	0	0	0	0	0	0	0	0	0	0	0	0	0	0	0	0	0	0	0
339	9	0	0	0	0	0	0	0	0	0	0	0	0	0	0	0	0	0	0	0
340	7	0	0	0	0	0	0	0	0	0	0	0	0	0	0	0	0	0	0	0
341	6	0	0	0	0	0	0	0	0	0	0	0	0	0	0	0	0	0	0	0
342	2	0	0	0	0	0	0	0	0	0	0	0	0	0	0	0	0	0	0	0
343	1	0	0	0	0	0	0	0	0	0	0	0	0	0	0	0	0	0	0	0
344	7	0	0	0	0	0	0	0	0	0	0	0	0	0	0	0	0	0	0	0
345	0	0	0	0	0	0	0	0	0	0	0	0	0	0	0	0	0	0	0	0
346	5	0	0	0	0	0	0	0	0	0	0	0	0	0	0	0	0	0	0	0
347	6	0	0	0	0	0	0	0	0	0	0	0	0	0	0	0	0	0	0	0
348	5	0	0	0	0	0	0	0	0	0	0	0	0	0	0	0	0	0	0	0
349	2	0	0	0	0	0	0	0	0	0	0	0	0	0	0	0	0	0	0	0
350	9	0	0	0	0	0	0	0	0	0	0	0	0	0	0	0	0	0	0	0
351	5	0	0	0	0	0	0	0	0	0	0	0	0	0	0	0	0	0	0	0
352	4	0	0	0	0	0	0	0	0	0	0	0	0	0	0	0	0	0	0	0
353	6	0	0	0	0	0	0	0	0	0	0	0	0	0	0	0	0	0	0	0
354	2	0	0	0	0	0	0	0	0	0	0	0	0	0	0	0	0	0	0	0
355	2	0	0	0	0	0	0	0	0	0	0	0	0	0	0	0	0	0	0	0
356	2	0	0	0	0	0	0	0	0	0	0	0	0	0	0	0	0	0	0	0
357	9	0	0	0	0	0	0	0	0	0	0	0	0	0	0	0	0	0	0	0
358	0	0	0	0	0	0	0	0	0	0	0	0	0	0	0	0	0	0	0	0
359	7	0	0	0	0	0	0	0	0	0	0	0	0	0	0	0	0	0	0	0
360	7	0	0	0	0	0	0	0	0	0	0	0	0	0	0	0	0	0	0	0
361	2	0	0	0	0	0	0	0	0	0	0	0	0	0	0	0	0	0	0	0
362	2	0	0	0	0	0	0	0	0	0	0	0	0	0	0	0	0	0	0	0
363	6	0	0	0	0	0	0	0	0	0	0	0	0	0	0	0	0	0	0	0
364	3	0	0	0	0	0	0	0	0	0	0	0	0	0	0	0	0	0	0	0
365	4	0	0	0	0	0	0	0	0	0	0	0	0	0	0	0	0	0	0	0
366	2	0	0	0	0	0	0	0	0	0	0	0	0	0	0	0	0	0	0	0
367	0	0	0	0	0	0	0	0	0	0	0	0	0	0	0	0	0	0	0	0
368	5	0	0	0	0	0	0	0	0	0	0	0	0	0	0	0	0	0	0	0
369	9	0	0	0	0	0	0	0	0	0	0	0	0	0	0	0	0	0	0	0
370	6	0	0	0	0	0	0	0	0	0	0	0	0	0	0	0	0	0	0	0
371	2	0	0	0	0	0	0	0	0	0	0	0	0	0	0	0	0	0	0	0
372	1	0	0	0	0	0	0	0	0	0	0	0	0	0	0	0	0	0	0	0
373	9	0	0	0	0	0	0	0	0	0	0	0	0	0	0	0	0	0	0	0
374	0	0	0	0	0	0	0	0	0	0	0	0	0	0	0	0	0	0	0	0
375	6	0	0	0	0	0	0	0	0	0	0	0	0	0	0	0	0	0	0	0
376	0	0	0	0	0	0	0	0	0	0	0	0	0	0	0	0	0	0	0	0
377	4	0	0	0	0	0	0	0	0	0	0	0	0	0	0	0	0	0	0	0
378	8	0	0	0	0	0	0	0	0	0	0	0	0	0	0	0	0	0	0	0
379	4	0	0	0	0	0	0	0	0	0	0	0	0	0	0	0	0	0	0	0
380	3	0	0	0	0	0	0	0	0	0	0	0	0	0	0	0	0	0	0	0
381	1	0	0	0	0	0	0	0	0	0	0	0	0	0	0	0	0	0	0	0
382	5	0	0	0	0	0	0	0	0	0	0	0	0	0	0	0	0	0	0	0
383	4	0	0	0	0	0	0	0	0	0	0	0	0	0	0	0	0	0	0	0
384	2	0	0	0	0	0	0	0	0	0	0	0	0	0	0	0	0	0	0	0
385	9	0	0	0	0	0	0	0	0	0	0	0	0	0	0	0	0	0	0	0
386	5	0	0	0	0	0	0	0	0	0	0	0	0	0	0	0	0	0	0	0
387	7	0	0	0	0	0	0	0	0	0	0	0	0	0	0	0	0	0	0	0
388	3	0	0	0	0	0	0	0	0	0	0	0	0	0	0	0	0	0	0	0
389	1	0	0	0	0	0	0	0	0	0	0	0	0	0	0	0	0	0	0	0
390	5	0	0	0	0	0	0	0	0	0	0	0	0	0	0	0	0	0	0	0
391	4	0	0	0	0	0	0	0	0	0	0	0	0	0	0	0	0	0	0	0
392	5	0	0	0	0	0	0	0	0	0	0	0	0	0	0	0	0	0	0	0
393	3	0	0	0	0	0	0	0	0	0	0	0	0	0	0	0	0	0	0	0
394	7	0	0	0	0	0	0	0	0	0	0	0	0	0	0	0	0	0	0	0
395	3	0	0	0	0	0	0	0	0	0	0	0	0	0	0	0	0	0	0	0
396	8	0	0	0	0	0	0	0	0	0	0	0	0	0	0	0	0	0	0	0
397	6	0	0	0	0	0	0	0	0	0	0	0	0	0	0	0	0	0	0	0
398	2	0	0	0	0	0	0	0	0	0	0	0	0	0	0	0	0	0	0	0
399	4	0	0	0	0	0	0	0	0	0	0	0	0	0	0	0	0	0	0	0
400	6	0	0	0	0	0	0	0	0	0	0	0	0	0	0	0	0	0	0	0
401	1	0	0	0	0	0	0	0	0	0	0	0	0	0	0	0	0	0	0	0
402	1	0	0	0	0	0	0	0	0	0	0	0	0	0	0	0	0	0	0	0
403	4	0	0	0	0	0	0	0	0	0	0	0	0	0	0	0	0	0	0	0
404	0	0	0	0	0	0	0	0	0	0	0	0	0	0	0	0	0	0	0	0
405	0	0	0	0	0	0	0	0	0	0	0	0	0	0	0	0	0	0	0	0
406	5	0	0	0	0	0	0	0	0	0	0	0	0	0	0	0	0	0	0	0
407	8	0	0	0	0	0	0	0	0	0	0	0	0	0	0	0	0	0	0	0
408	6	0	0	0	0	0	0	0	0	0	0	0	0	0	0	0	0	0	0	0
409	7	0	0	0	0	0	0	0	0	0	0	0	0	0	0	0	0	0	0	0
410	4	0	0	0	0	0	0	0	0	0	0	0	0	0	0	0	0	0	0	0
411	2	0	0	0	0	0	0	0	0	0	0	0	0	0	0	0	0	0	0	0
412	8	0	0	0	0	0	0	0	0	0	0	0	0	0	0	0	0	0	0	0
413	0	0	0	0	0	0	0	0	0	0	0	0	0	0	0	0	0	0	0	0
414	2	0	0	0	0	0	0	0	0	0	0	0	0	0	0	0	0	0	0	0
415	5	0	0	0	0	0	0	0	0	0	0	0	0	0	0	0	0	0	0	0
416	4	0	0	0	0	0	0	0	0	0	0	0	0	0	0	0	0	0	0	0
417	8	0	0	0	0	0	0	0	0	0	0	0	0	0	0	0	0	0	0	0
418	3	0	0	0	0	0	0	0	0	0	0	0	0	0	0	0	0	0	0	0
419	0	0	0	0	0	0	0	0	0	0	0	0	0	0	0	0	0	0	0	0
420	6	0	0	0	0	0	0	0	0	0	0	0	0	0	0	0	0	0	0	0
421	4	0	0	0	0	0	0	0	0	0	0	0	0	0	0	0	0	0	0	0
422	8	0	0	0	0	0	0	0	0	0	0	0	0	0	0	0	0	0	0	0
423	6	0	0	0	0	0	0	0	0	0	0	0	0	0	0	0	0	0	0	0
424	4	0	0	0	0	0	0	0	0	0	0	0	0	0	0	0	0	0	0	0
425	1	0	0	0	0	0	0	0	0	0	0	0	0	0	0	0	0	0	0	0
426	8	0	0	0	0	0	0	0	0	0	0	0	0	0	0	0	0	0	0	0
427	1	0	0	0	0	0	0	0	0	0	0	0	0	0	0	0	0	0	0	0
428	5	0	0	0	0	0	0	0	0	0	0	0	0	0	0	0	0	0	0	0
429	4	0	0	0	0	0	0	0	0	0	0	0	0	0	0	0	0	0	0	0
430	9	0	0	0	0	0	0	0	0	0	0	0	0	0	0	0	0	0	0	0
431	4	0	0	0	0	0	0	0	0	0	0	0	0	0	0	0	0	0	0	0
432	3	0	0	0	0	0	0	0	0	0	0	0	0	0	0	0	0	0	0	0
433	2	0	0	0	0	0	0	0	0	0	0	0	0	0	0	0	0	0	0	0
434	0	0	0	0	0	0	0	0	0	0	0	0	0	0	0	0	0	0	0	0
435	5	0	0	0	0	0	0	0	0	0	0	0	0	0	0	0	0	0	0	0
436	0	0	0	0	0	0	0	0	0	0	0	0	0	0	0	0	0	0	0	0
437	7	0	0	0	0	0	0	0	0	0	0	0	0	0	0	0	0	0	0	0
438	9	0	0	0	0	0	0	0	0	0	0	0	0	0	0	0	0	0	0	0
439	2	0	0	0	0	0	0	0	0	0	0	0	0	0	0	0	0	0	0	0
440	9	0	0	0	0	0	0	0	0	0	0	0	0	0	0	0	0	0	0	0
441	8	0	0	0	0	0	0	0	0	0	0	0	0	0	0	0	0	0	0	0
442	9	0	0	0	0	0	0	0	0	0	0	0	0	0	0	0	0	0	0	0
443	6	0	0	0	0	0	0	0	0	0	0	0	0	0	0	0	0	0	0	0
444	5	0	0	0	0	0	0	0	0	0	0	0	0	0	0	0	0	0	0	0
445	2	0	0	0	0	0	0	0	0	0	0	0	0	0	0	0	0	0	0	0
446	4	0	0	0	0	0	0	0	0	0	0	0	0	0	0	0	0	0	0	0
447	4	0	0	0	0	0	0	0	0	0	0	0	0	0	0	0	0	0	0	0
448	6	0	0	0	0	0	0	0	0	0	0	0	0	0	0	0	0	0	0	0
449	4	0	0	0	0	0	0	0	0	0	0	0	0	0	0	0	0	0	0	0
450	8	0	0	0	0	0	0	0	0	0	0	0	0	0	0	0	0	0	0	0
451	4	0	0	0	0	0	0	0	0	0	0	0	0	0	0	0	0	0	0	0
452	1	0	0	0	0	0	0	0	0	0	0	0	0	0	0	0	0	0	0	0
453	7	0	0	0	0	0	0	0	0	0	0	0	0	0	0	0	0	0	0	0
454	5	0	0	0	0	0	0	0	0	0	0	0	0	0	0	0	0	0	0	0
455	8	0	0	0	0	0	0	0	0	0	0	0	0	0	0	0	0	0	0	0
456	9	0	0	0	0	0	0	0	0	0	0	0	0	0	0	0	0	0	0	0
457	5	0	0	0	0	0	0	0	0	0	0	0	0	0	0	0	0	0	0	0
458	9	0	0	0	0	0	0	0	0	0	0	0	0	0	0	0	0	0	0	0
459	3	0	0	0	0	0	0	0	0	0	0	0	0	0	0	0	0	0	0	0
460	2	0	0	0	0	0	0	0	0	0	0	0	0	0	0	0	0	0	0	0
461	5	0	0	0	0	0	0	0	0	0	0	0	0	0	0	0	0	0	0	0
462	8	0	0	0	0	0	0	0	0	0	0	0	0	0	0	0	0	0	0	0
463	2	0	0	0	0	0	0	0	0	0	0	0	0	0	0	0	0	0	0	0
464	2	0	0	0	0	0	0	0	0	0	0	0	0	0	0	0	0	0	0	0
465	7	0	0	0	0	0	0	0	0	0	0	0	0	0	0	0	0	0	0	0
466	2	0	0	0	0	0	0	0	0	0	0	0	0	0	0	0	0	0	0	0
467	8	0	0	0	0	0	0	0	0	0	0	0	0	0	0	0	0	0	0	0
468	4	0	0	0	0	0	0	0	0	0	0	0	0	0	0	0	0	0	0	0
469	1	0	0	0	0	0	0	0	0	0	0	0	0	0	0	0	0	0	0	0
470	9	0	0	0	0	0	0	0	0	0	0	0	0	0	0	0	0	0	0	0
471	3	0	0	0	0	0	0	0	0	0	0	0	0	0	0	0	0	0	0	0
472	6	0	0	0	0	0	0	0	0	0	0	0	0	0	0	0	0	0	0	0
473	0	0	0	0	0	0	0	0	0	0	0	0	0	0	0	0	0	0	0	0
474	2	0	0	0	0	0	0	0	0	0	0	0	0	0	0	0	0	0	0	0
475	2	0	0	0	0	0	0	0	0	0	0	0	0	0	0	0	0	0	0	0
476	9	0	0	0	0	0	0	0	0	0	0	0	0	0	0	0	0	0	0	0
477	1	0	0	0	0	0	0	0	0	0	0	0	0	0	0	0	0	0	0	0
478	2	0	0	0	0	0	0	0	0	0	0	0	0	0	0	0	0	0	0	0
479	7	0	0	0	0	0	0	0	0	0	0	0	0	0	0	0	0	0	0	0
480	2	0	0	0	0	0	0	0	0	0	0	0	0	0	0	0	0	0	0	0
481	1	0	0	0	0	0	0	0	0	0	0	0	0	0	0	0	0	0	0	0
482	3	0	0	0	0	0	0	0	0	0	0	0	0	0	0	0	0	0	0	0
483	4	0	0	0	0	0	0	0	0	0	0	0	0	0	0	0	0	0	0	0
484	9	0	0	0	0	0	0	0	0	0	0	0	0	0	0	0	0	0	0	0
485	1	0	0	0	0	0	0	0	0	0	0	0	0	0	0	0	0	0	0	0
486	8	0	0	0	0	0	0	0	0	0	0	0	0	0	0	0	0	0	0	0
487	0	0	0	0	0	0	0	0	0	0	0	0	0	0	0	0	0	0	0	0
488	2	0	0	0	0	0	0	0	0	0	0	0	0	0	0	0	0	0	0	0
489	2	0	0	0	0	0	0	0	0	0	0	0	0	0	0	0	0	0	0	0
490	3	0	0	0	0	0	0	0	0	0	0	0	0	0	0	0	0	0	0	0
491	4	0	0	0	0	0	0	0	0	0	0	0	0	0	0	0	0	0	0	0
492	1	0	0	0	0	0	0	0	0	0	0	0	0	0	0	0	0	0	0	0
493	3	0	0	0	0	0	0	0	0	0	0	0	0	0	0	0	0	0	0	0
494	7	0	0	0	0	0	0	0	0	0	0	0	0	0	0	0	0	0	0	0
495	4	0	0	0	0	0	0	0	0	0	0	0	0	0	0	0	0	0	0	0
496	1	0	0	0	0	0	0	0	0	0	0	0	0	0	0	0	0	0	0	0
497	4	0	0	0	0	0	0	0	0	0	0	0	0	0	0	0	0	0	0	0
498	1	0	0	0	0	0	0	0	0	0	0	0	0	0	0	0	0	0	0	0
499	5	0	0	0	0	0	0	0	0	0	0	0	0	0	0	0	0	0	0	0
500	9	0	0	0	0	0	0	0	0	0	0	0	0	0	0	0	0	0	0	0
501	6	0	0	0	0	0	0	0	0	0	0	0	0	0	0	0	0	0	0	0
502	9	0	0	0	0	0	0	0	0	0	0	0	0	0	0	0	0	0	0	0
